Ville,Email
amberieu-en-bugey,secretariat@mairie-amberieuenbugey.fr
ambleon,commune-ambleon@wanadoo.fr
ambronay,mairie.ambronay@wanadoo.fr
ambutrix,mairie.ambutrix@wanadoo.fr
andert-et-condon,mairieandertcondon@gmail.com
anglefort,mairie.anglefort@wanadoo.fr
apremont,apremont.ain.mairie@wanadoo.fr
aranc,mairie.aranc@wanadoo.fr
arandas,mairie.arandas@orange.fr
arbent,adminarbent@mairie-arbent.fr
arbigny,mairie.arbigny01@wanadoo.fr
arboys-en-buget,mairie.arboysenbugey@orange.fr
arboys-en-bugey,mairie.arboysenbugey@orange.fr
argis,mairieargis@wanadoo.fr
armix,mairie.armix@wanadoo.fr
ars-sur-formans,mairie.ars-sur-formans@wanadoo.fr
artemare,artemare-yon@wanadoo.fr
asnieres-sur-saone,asnieres.saone.mairie@wanadoo.fr
attignat,accueil@attignat.fr
bage-la-ville,mairie@bage-la-ville.fr
bage-le-chatel,bage-le-chatel@wanadoo.fr
balan,infos@ville-balan.fr
baneins,communebaneins@wanadoo.fr
beard-geovreissiat,mairie.beardgeovreissiat@orange.fr
beaupont,mairie.beaupont@wanadoo.fr
beauregard,beauregard-mairie@wanadoo.fr
beligneux,mairie@ville-beligneux.fr
belley,mairie@belley.fr
belleydoux,mairie.belleydoux@wanadoo.fr
bellignat,marie-helene.perrin@bellignat.fr
belmont-luthezieu,mairie.belmontluthezieu@wanadoo.fr
benonces,mairie.benonces@orange.fr
beny,mairie@beny01.fr
beon,beon.mairie@wanadoo.fr
bereyziat,mairie-bereyziat@wanadoo.fr
bereziat,mairie-bereyziat@wanadoo.fr
bettant,mairiedebettant@wanadoo.fr
bey,mairie.bey@free.fr
beynost,accueil@ville-beynost.fr
billiat,communedebilliat@wanadoo.fr
birieux,secretariatbirieux@orange.fr
biziat,mairiedebiziat@gmail.com
blyes,mairie.de.blyes@orange.fr
boissey,boissey.mairie@wanadoo.fr
bolozon,mairie.bolozon@orange.fr
bouligneux,mairie-bouligneux@wanadoo.fr
bourg-en-bresse,courrier@bourgenbresse.fr
boz,mairieboz@wanadoo.fr
bregnier-cordon,mairie.bregnier-cordon@wanadoo.fr
brenaz,mairie.brenaz@orange.fr
brenod,mairiebrenod@wanadoo.fr
brens,mairie.brens@wanadoo.fr
bressolles,mairiebressolles@hotmail.com
brion,mairiebrion01@wanadoo.fr
briord,briord.commune@orange.fr
buellas,info@buellas.fr
ceignes,mairie-de-ceignes@wanadoo.fr
cerdon,cerdon.mairie@wanadoo.fr
certines,mairie@certines.fr
cessy,mairie-cessy@mairie-cessy.fr
ceyzeriat,commune.ceyzeriat@orange.fr
ceyzerieu,mairiedeceyzerieu@wanadoo.fr
chalamont,info@mairie-chalamont.org
chaleins,mairie.chaleins@wanadoo.fr
chaley,mairie-de-chaley@wanadoo.fr
challex,mairie.challex@cc-pays-de-gex.fr
champdor-corcelles,champdor@wanadoo.fr
champdor,mairie@champdor.com
champfromier,mairie.champfromier@wanadoo.fr
chanay,chanay.commune@wanadoo.fr
chaneins,mairie.chaneins@wanadoo.fr
chanoz-chatenay,mairie.chanoz-chatenay@wanadoo.fr
charix,charix.mairie@wanadoo.fr
charnoz-sur-ain,mairie.charnoz@wanadoo.fr
chateau-gaillard,mairie.chateau-gaillard@wanadoo.fr
chatenay,mairie.chanoz-chatenay@wanadoo.fr
chatillon-la-palud,mairiechatillonlapalud@wanadoo.fr
chaveyriat,mairie.chaveyriat@wanadoo.fr
chavornay,mairiechavornay@orange.fr
chazey-bons,mairie@chazey-bons.fr
chazey-sur-ain,mairie.chazey@wanadoo.fr
cheignieu-la-balme,mairie.cheignieulabalme@wanadoo.fr
chevillard,mairie.chevillard@wanadoo.fr
chevroux,mairie.chevroux@wanadoo.fr
chevry,chevry@cc-pays-de-gex.fr
chezery-forens,Mairie.Chezery@cc-pays-de-gex.fr
civrieux,mairie.civrieux01@wanadoo.fr
cize,cize.mairie@wanadoo.fr
cleyzieu,mairie.cleyzieu@altinet.fr
coligny,secretariat@mairie-coligny.fr
collonges,mairie.collonges@cc-pays-de-gex.fr
colomieu,mairie.colomieu@wanadoo.fr
conand,mairie.conand@wanadoo.fr
condamine,mairie.condamine.01@wanadoo.fr
condeissiat,condeissiat@cc-chalaronne-centre.org
confort,mairie.confort@orange.fr
confrancon,mairie.confrancon@wanadoo.fr
contrevoz,contrevozmairie@orange.fr
conzieu,commune.conzieu@wanadoo.fr
corbonod,m.corbonod@wanadoo.fr
corcelles,mairie.corcelles@wanadoo.fr
corlier,sophie@plateau-hauteville.com
cormoz,mairie.cormoz@wanadoo.fr
corveissiat,mairie.corveissiat@wanadoo.fr
courmangoux,mairie@courmangoux.fr
courtes,mairie.de.courtes@wanadoo.fr
crans,mairie.crans@wanadoo.fr
cras-sur-reyssouze,mairie.cras-sur-reyssouse@wanadoo.fr
cressin-rochefort,mairie.cressin-rochefort@wanadoo.fr
crottet,mairie.crottet@wanadoo.fr
crozet,mairie@crozet.fr
culoz,mairie.culoz.sa@wanadoo.fr
curciat-dongalon,mairie.curciat@free.fr
curtafond,commune.curtafond@wanadoo.fr
cuzieu,mairie.cuzieu01@wanadoo.fr
dagneux,info@ville-dagneux.fr
divonne-les-bains,population@divonne.fr
dommartin,dommartin01@wanadoo.fr
domsure,mairie.domsure@wanadoo.fr
dortan,mairie.dortan@wanadoo.fr
douvres,mairie.douvres@wanadoo.fr
drom,mairie.drom@wanadoo.fr
druillat,mairiedruillat@wanadoo.fr
echallon,mairie.echallon@wanadoo.fr
echenevex,mairie@echenevex.fr
etrez,mairie.etrez@wanadoo.fr
evosges,mairie-evosges@wanadoo.fr
faramans,com01faramans@wanadoo.fr
fareins,mairie.fareins@wanadoo.fr
farges,mairie-farges@k-net.fr
feillens,commune-de-feillens@wanadoo.fr
ferney-voltaire,ferney@ferney-voltaire.fr
flaxieu,mairie.flaxieu@wanadoo.fr
foissiat,mairie.de.foissiat@wanadoo.fr
francheleins,francheleins@wanadoo.fr
frans,mairiedefrans@orange.fr
garnerans,garneransmairie@wanadoo.fr
genouilleux,mairie.genouilleux@wanadoo.fr
geovreisset,mairie.geovreisset@wanadoo.fr
geovreissiat,mairie.geovreissiat@cegetel.net
germagnat,mairiedegermagnat@wanadoo.fr
gex,mairie@ville-gex.fr
giron,mairiegiron@adeli.biz
gorrevod,communegorrevod@wanadoo.fr
grand-corent,commune.grand-corent@orange.fr
grieges,mairie.grieges@wanadoo.fr
grilly,Mairie.Grilly@cc-pays-de-gex.fr
groissiat,mairie-groissiat@wanadoo.fr
groslee,mairie.groslee@wanadoo.fr
guereins,mairie.de.guereins@wanadoo.fr
haut-valromey,mairie.hotonnes@wanadoo.fr
hauteville-lompnes,mairie.hauteville.01@wanadoo.fr
hostias,mairie.hostiaz@wanadoo.fr
hostiaz,mairie.hostiaz@wanadoo.fr
hotonnes,mairie.hotonnes@wanadoo.fr
illiat,mairie.illiat@wanadoo.fr
injoux-genissiat,injoux.genissiat@wanadoo.fr
innimond,mairie.innimont@wanadoo.fr
izenave,mairie.izenave@orange.fr
izernore,mairie.izernore@wanadoo.fr
izieu,mairie-izieu@orange.fr
jassans-riottier,mairie@jassansriottier.fr
jasseron,mairie@jasseron.com
jayat,mairiejayat@wanadoo.fr
journans,mairiejournans@wanadoo.fr
joyeux,mairie-joyeux@wanadoo.fr
jujurieux,mairiejujurieux@wanadoo.fr
la-boisse,mairie-la-boisse@wanadoo.fr
la-burbanche,mairie.burbanche1@orange.fr
la-trancliere,latrancliere.mairie@orange.fr
labalme,commune.labalme@orange.fr
lagnieu,mairie.lagnieu@wanadoo.fr
laiz,mairie-laiz@wanadoo.fr
lalleyriat,mairie.lalleyriat@wanadoo.fr
lancrans,lancrans@cc-pays-de-gex.fr
lantenay,mairiedelantenay@wanadoo.fr
lapeyrouse,lapeyrouse-mairie@orange.fr
lavours,mairie.lavours@numeo.fr
le-montellier,mairie.lemontellier@free.fr
le-plantay,
le-poizat,mairiedupoizat@wanadoo.fr
leaz,mleaz@cc-pays-de-gex.fr
lelex,mairie.lelex@cc-pays-de-gex.fr
lent,mairiedelent@gmail.com
les-neyrolles,mairielesneyrolles@wanadoo.fr
lescheroux,mairiedelescheroux@wanadoo.fr
leyment,mairie.leyment@wanadoo.fr
leyssard,mairie.leyssard@orange.fr
lhopital,mairielhopital@wanadoo.fr
lhuis,mairie.lhuis@wanadoo.fr
lochieu,commune.lochieu@orange.fr
lompnas,lamairie@lompnaz.com
lompnieu,mairie.lompnieu@orange.fr
loyettes,mairie@commune-loyettes.fr
lurcy,mairie.lurcy@wanadoo.fr
magnieu,mairie.magnieu@wanadoo.fr
maillat,commune.maillat@wanadoo.fr
malafretaz,mairie.malafretaz@wanadoo.fr
mantenay-montlin,mairie.mantenay@free.fr
manziat,mmzt@wanadoo.fr
marboz,mairie-marboz@wanadoo.fr
marchamp,mairie.marchamp@orange.fr
marignieu,mairie.marignieu@wanadoo.fr
marlieux,mairie.marlieux@wanadoo.fr
marsonnas,mairie.marsonnas@wanadoo.fr
martignat,martignat@wanadoo.fr
massieux,mairie-de-massieux@wanadoo.fr
matafelon-granges,mairie.matafelon@wanadoo.fr
meillonnas,mairie@meillonnas.fr
merignat,mairie.merignat@wanadoo.fr
messimy-sur-saone,mairie.messimysursaone@orange.fr
meximieux,mairie-meximieux@mairie-meximieux.fr
mezeriat,commune.mezeriat@wanadoo.fr
mijoux,mairie.mijoux@wanadoo.fr
mionnay,mairiedemionnay@wanadoo.fr
miribel,jacques.berthou@miribel.fr
miserieux,mairie.de.miserieux@cegetel.net
mogneneins,mairie.mogneneins@wanadoo.fr
montagnat,mairie.montagnat@wanadoo.fr
montagnieu,mairie.montagnieu@orange.fr
montanges,communedemontanges@orange.fr
montceaux,mairiemontceaux@wanadoo.fr
montcet,mairie-montcet@wanadoo.fr
monthieux,mairiedemonthieux@wanadoo.fr
montluel,serviceculturel.montluel@orange.fr
montracol,mairie-montracol@wanadoo.fr
montreal-la-cluse,mairie@montreal-lacluse.fr
murs-et-gelignieux,mairie.mursgelignieux@wanadoo.fr
nantua,commune-nantua@wanadoo.fr
nattages,mairie@nattages.fr
neuville-les-dames,mairie-neuville-les-dames@orange.fr
neuville-sur-ain,mairie@neuvillesurain.fr
neyron,mairie@mairie-neyron.fr
nievroz,mairie.nievroz@wanadoo.fr
nivigne-et-suran,mairiechavannessuran@wanadoo.fr
nurieux-volognat,nurieux.volognat@wanadoo.fr
oncieu,communeoncieu@wanadoo.fr
ordonnaz,mairie-ordonnaz@orange.fr
ornex,mairie@ornex.fr
outriaz,mairie.outriaz@wanadoo.fr
oyonnax,communication@oyonnax.fr
ozan,mairie.ozan@wanadoo.fr
parcieux,contact@parcieux.fr
parves-et-nattages,communedeparves@orange.fr
parves,communedeparves@orange.fr
peron,mairie.peron@cc-pays-de-gex.fr
peronnas,info@peronnas.com
perouges,info@perouges.org
perrex,mairie.perrex@wanadoo.fr
peyriat,mairie.peyriat@wanadoo.fr
peyrieu,communedepeyrieu@orange.fr
peyzieux-sur-saone,mairie.peyzieux@wanadoo.fr
pirajoux,mairie.pirajoux@wanadoo.fr
pizay,ville-pizay@wanadoo.fr
plagne,commune.plagne@orange.fr
polliat,polliat@agglo-bourgenbresse.fr
pollieu,mairie.pollieu@luxinet.fr
poncin,mairie-poncin@wanadoo.fr
pont-d-ain,mairie.pont.d-ain@wanadoo.fr
pont-de-vaux,Mairie.Pont-De-Vaux@wanadoo.fr
pont-de-veyle,mairie.pont.de.veyle@wanadoo.fr
port,commune-port@wanadoo.fr
pougny,pougny@ccpg.fr
pouillat,mairie.pouillat01@wanadoo.fr
premeyzel,mairie.premeyzel@orange.fr
premillieu,
pressiat,mairiedepressiat@wanadoo.fr
prevessin-moens,mairie@prevessin-moens.fr
priay,commune.priay@orange.fr
pugieu,mairie.pugieu01@wanadoo.fr
ramasse,mairie.ramasse317@orange.fr
rance,mairie.rance.01@adeli.biz
relevant,mairie-relevant@orange.fr
replonges,mairiereplonges@wanadoo.fr
revonnas,mairierevonnas@orange.fr
reyrieux,mairie.reyrieux.accueil@wanadoo.fr
reyssouze,mairie-reyssouze@wanadoo.fr
rignieux-le-franc,commune.rignieuxlefranc@wanadoo.fr
romans,romans01@wanadoo.fr
rossillon,mairierossillon@wanadoo.fr
ruffieu,mairie.ruffieu@wanadoo.fr
saint-alban,mairie.st.alban@orange.fr
saint-benigne,stbenigne01@wanadoo.fr
saint-benoit,commune-st-benoit@orange.fr
saint-bernard,mairie.st.bernard@wanadoo.fr
saint-bois,mairiesaintbois@laposte.net
saint-champ,mairie.st.champ@wanadoo.fr
saint-eloi,communesteloi@orange.fr
saint-just,saintjust@cc-lavalliere.fr
saint-marcel,mairie-st-marcel-en-dombes@wanadoo.fr
saint-remy,mairiedestremy@wanadoo.fr
saint-sulpice,mairie.saint.sulpice@wanadoo.fr
saint-vulbas,mairie@ville-saint-vulbas.fr
sainte-croix,ville-saintecroix@wanadoo.fr
sainte-euphemie,mairie@sainte-euphemie.fr
sainte-julie,mairie.stejulie@wanadoo.fr
sainte-olive,mairie.sainteolive@wanadoo.fr
salavre,mairie-salavre@orange.fr
samognat,mairie-de-samognat@wanadoo.fr
sandrans,mairie-sandrans@wanadoo.fr
sault-brenaz,sault-brenaz@orange.fr
sauverny,Mairie.Sauverny@cc-pays-de-gex.fr
savigneux,mairie.savigneux@wanadoo.fr
segny,Mairie.Segny@cc-pays-de-gex.fr
seillonnaz,mairie.seillonnaz@wanadoo.fr
sergy,mairie.sergy@ccpg.fr
sermoyer,mairie.sermoyer@wanadoo.fr
serrieres-sur-ain,mairieserrieressurain@wanadoo.fr
servas,mairie.servas@wanadoo.fr
servignat,mairie.servignat@orange.fr
seyssel,mairie-de-seyssel2@wanadoo.fr
simandre-sur-suran,mairiedesimandre@wanadoo.fr
songieu,mairie.songieu@orange.fr
souclin,mairie.souclin@wanadoo.fr
sulignat,mairie-sulignat@orange.fr
surjoux,mairie.surjoux@wanadoo.fr
sutrieu,mairie.sutrieu@orange.fr
talissieu,mairiedetalissieu@wanadoo.fr
tenay,mairie.tenay@wanadoo.fr
thezillieu,mairie-thezillieu@wanadoo.fr
thil,mairie.thil@thil.fr
thoiry,mairie@mairie-thoiry.fr
thoissey,mairiedethoissey@wanadoo.fr
torcieu,commune.torcieu@wanadoo.fr
tossiat,info@tossiat.com
toussieux,mairie.toussieux@wanadoo.fr
tramoyes,mairie.tramoyes@wanadoo.fr
treffort-cuisiat,mairie@treffort-cuisiat.fr
trevoux,mairie.trevoux@wanadoo.fr
val-revermont,mairie@treffort-cuisiat.fr
valeins,mairie.valeins@hotmail.fr
vandeins,vandeins@agglo-bourgenbresse.fr
varambon,mairie.varambon@wanadoo.fr
vaux-en-bugey,mairie.vaux@wanadoo.fr
verjon,mairie.verjon@wanadoo.fr
vernoux,mairiedevernoux@wanadoo.fr
versailleux,mairie.versailleux@wanadoo.fr
versonnex,mairie.versonnex@cc-pays-de-gex.fr
vesancy,mairie.de.vesancy@luxinet.fr
vescours,mairie.vescours@orange.fr
vesines,vesines01mairie@wanadoo.fr
vieu-d-izenave,vieuizenave@wanadoo.fr
vieu,commune-vieu@orange.fr
villars-les-dombes,mairie@mairie-villars-les-dombes.org
villebois,mairie.villebois@wanadoo.fr
villemotier,villemotier@wanadoo.fr
villeneuve,mairie-villeneuve01@wanadoo.fr
villereversure,mairie-villereversure@wanadoo.fr
villes,mairie.villes@wanadoo.fr
villette-sur-ain,mairie.villette-sur-ain@wanadoo.fr
viriat,mairie.viriat@wanadoo.fr
virieu-le-grand,mairie@virieulegrand.fr
virieu-le-petit,mairie-de-virieu-le-petit@wanadoo.fr
virignin,mairiedevirignin@wanadoo.fr
vongnes,vongnesmairie@wanadoo.fr
vonnas,mairie@vonnas.com
